{
  "mode": "raw",
  "total_questions": 500,
  "overall": {
    "recall@5": 0.966,
    "ndcg@5": 0.8877177754573082,
    "recall@10": 0.982,
    "ndcg@10": 0.8887612861506087
  },
  "per_type": {
    "single-session-user": {
      "recall@5": 0.9142857142857143,
      "ndcg@5": 0.8281485350909042,
      "recall@10": 0.9714285714285714,
      "ndcg@10": 0.8471961541385232
    },
    "multi-session": {
      "recall@5": 0.9924812030075187,
      "ndcg@5": 0.9190579110671873,
      "recall@10": 1.0,
      "ndcg@10": 0.9138544481207839
    },
    "single-session-preference": {
      "recall@5": 0.9666666666666667,
      "ndcg@5": 0.8328008080163797,
      "recall@10": 0.9666666666666667,
      "ndcg@10": 0.8328008080163797
    },
    "temporal-reasoning": {
      "recall@5": 0.9473684210526315,
      "ndcg@5": 0.8385932073104009,
      "recall@10": 0.9699248120300752,
      "ndcg@10": 0.8385854320412517
    },
    "knowledge-update": {
      "recall@5": 1.0,
      "ndcg@5": 0.9455130061582778,
      "recall@10": 1.0,
      "ndcg@10": 0.9439939894401419
    },
    "single-session-assistant": {
      "recall@5": 0.9642857142857143,
      "ndcg@5": 0.9533366572720453,
      "recall@10": 0.9642857142857143,
      "ndcg@10": 0.9533366572720453
    }
  },
  "elapsed_seconds": 312.3481321334839
}