{
  "mode": "hybrid",
  "total_questions": 500,
  "overall": {
    "recall@5": 0.87,
    "ndcg@5": 0.788487045599699,
    "recall@10": 0.934,
    "ndcg@10": 0.8057782442207726
  },
  "per_type": {
    "single-session-user": {
      "recall@5": 0.8,
      "ndcg@5": 0.7266423913411371,
      "recall@10": 0.8714285714285714,
      "ndcg@10": 0.7488475043252322
    },
    "multi-session": {
      "recall@5": 0.8270676691729323,
      "ndcg@5": 0.7240024644034964,
      "recall@10": 0.924812030075188,
      "ndcg@10": 0.7504805745820263
    },
    "single-session-preference": {
      "recall@5": 0.8666666666666667,
      "ndcg@5": 0.743660407834206,
      "recall@10": 0.9333333333333333,
      "ndcg@10": 0.7674075536414073
    },
    "temporal-reasoning": {
      "recall@5": 0.8571428571428571,
      "ndcg@5": 0.7689887731214837,
      "recall@10": 0.9398496240601504,
      "ndcg@10": 0.7904448022028348
    },
    "knowledge-update": {
      "recall@5": 0.9743589743589743,
      "ndcg@5": 0.9198303359392335,
      "recall@10": 0.9743589743589743,
      "ndcg@10": 0.9153095579746426
    },
    "single-session-assistant": {
      "recall@5": 0.9464285714285714,
      "ndcg@5": 0.9063239710153779,
      "recall@10": 0.9642857142857143,
      "ndcg@10": 0.9126848136423068
    }
  },
  "elapsed_seconds": 312.3510160446167
}