{
  "mode": "hybrid",
  "total_questions": 500,
  "overall": {
    "recall@5": 0.98,
    "ndcg@5": 0.934234295494194,
    "recall@10": 0.992,
    "ndcg@10": 0.9347638085852342
  },
  "per_type": {
    "single-session-user": {
      "recall@5": 0.9857142857142858,
      "ndcg@5": 0.9574817002040833,
      "recall@10": 1.0,
      "ndcg@10": 0.962243604965988
    },
    "multi-session": {
      "recall@5": 0.9849624060150376,
      "ndcg@5": 0.9469090508717017,
      "recall@10": 1.0,
      "ndcg@10": 0.945059739707638
    },
    "single-session-preference": {
      "recall@5": 0.9,
      "ndcg@5": 0.7859796290816949,
      "recall@10": 0.9666666666666667,
      "ndcg@10": 0.8067262344034024
    },
    "temporal-reasoning": {
      "recall@5": 0.9849624060150376,
      "ndcg@5": 0.9077673530982721,
      "recall@10": 0.9924812030075187,
      "ndcg@10": 0.9044213639054601
    },
    "knowledge-update": {
      "recall@5": 1.0,
      "ndcg@5": 0.9796333535164155,
      "recall@10": 1.0,
      "ndcg@10": 0.9796333535164155
    },
    "single-session-assistant": {
      "recall@5": 0.9642857142857143,
      "ndcg@5": 0.9541192242513106,
      "recall@10": 0.9642857142857143,
      "ndcg@10": 0.9541192242513106
    }
  },
  "elapsed_seconds": 270.8426470756531
}